Classififer,DataSet,Accuracy,F1 Score,Recall,Precision
Extra Tree,HF,0.8854961832061069,0.8853737701454494,0.8854961832061069,0.8853562340966922
Extra Tree,HD,0.9902597402597403,0.9902557287477295,0.9902597402597403,0.9904401154401155
Extra Tree,F,0.8208754208754209,0.8011258483642205,0.8208754208754209,0.8169011701745252
Extra Tree with Optuna,F,0.837037037037037,0.8084934590969368,0.837037037037037,0.8665336989944319
Extra Tree with Optuna,HF,0.9007633587786259,0.8997581278033356,0.9007633587786259,0.9041541796249176
Extra Tree with Optuna,HD,0.9902597402597403,0.9902618975708676,0.9902597402597403,0.990451982228298
